BranchID,Phone,OpHours,StaffHours,Zip,Street,Email,Social,City,Zone,Type
LOC001,001-655-008-8371x8472,10am - 8pm,11,91876,769 Susan Divide,deborahbender@brown.com,http://www.ortiz-lewis.com/,Williambury,West,Main
LOC002,706-199-5976,10am - 5pm,12,96992,8917 Ernest Spring Suite 044,veronica50@english-valdez.com,http://www.young-vasquez.com/,New Amy,East,Branch
LOC003,781.994.9613x856,10am - 9pm,8,80252,74257 Nicole Mills Apt. 208,fmack@dominguez.com,https://www.sullivan.com/,Gregoryhaven,East,Branch
LOC004,+1-706-856-8202x48706,10am - 9pm,9,76452,1277 Christina Key,jackiehernandez@west.com,https://www.fry.com/,West Kristenside,South,Outlet
LOC005,561.276.5811,8am - 7pm,8,25485,30370 Gordon Dam Apt. 918,qmorgan@gill.info,https://ortega.com/,Jesseton,North,Outlet
LOC006,330-486-4512x6328,8am - 7pm,11,51565,442 Wright Park Suite 860,johnsonvicki@simon.info,http://parsons.com/,South Jordanbury,East,Outlet
LOC007,091-063-5869x0612,9am - 6pm,11,78309,95061 Rivera Overpass Suite 584,ashley17@fischer.com,http://www.blackwell.biz/,South Kelly,North,Main
LOC008,001-603-664-1383x294,10am - 6pm,12,12219,5284 Ryan Island,michael08@reese.biz,http://hudson-johnson.com/,Port Melissa,South,Branch
LOC009,001-302-130-2168x939,8am - 6pm,8,86155,705 Phillips Summit Suite 253,dcampbell@garcia.com,https://www.reynolds-joseph.com/,Hayesview,East,Main
LOC010,970.692.9227x168,8am - 7pm,12,53090,4175 Michael Valley Suite 724,russodon@baird-owens.com,http://www.rodgers.net/,Williamshaven,South,Outlet
LOC011,455.867.7366x35206,10am - 9pm,10,15691,857 Robert Burg Suite 291,watkinsamber@scott-franco.com,https://simpson.com/,Stevensbury,North,Branch
LOC012,009.045.4040x155,8am - 6pm,8,51768,5233 Anderson Cliff Suite 506,jason56@marsh-horn.com,http://hardy-grimes.com/,West Thomasfort,North,Main
LOC013,566.713.5394x30149,9am - 9pm,8,41570,279 Ralph Streets Suite 351,laura78@quinn.net,http://mendoza.info/,Joshuashire,West,Main
LOC014,915.297.3964x339,9am - 6pm,8,86176,575 Todd Falls Suite 027,kevinroberts@miller-carney.com,https://www.moore-robinson.com/,Davidhaven,South,Main
LOC015,001-219-336-1253x6865,10am - 6pm,8,33247,796 Sanchez Light Suite 386,amolina@kennedy.com,https://francis.com/,Jarviston,North,Branch
LOC016,481.081.9655x056,9am - 9pm,10,72560,25305 Gary Plains,stacey96@robertson-gomez.com,https://franklin-jacobson.info/,Port Matthew,East,Main
LOC017,(759)057-3579,8am - 5pm,12,42836,20756 Cantu River Apt. 921,victoriagiles@howard.biz,https://www.parker.biz/,Randallfurt,East,Branch
LOC018,(789)230-7929x781,10am - 6pm,10,37611,4746 Lisa Locks Apt. 822,reynoldsedward@klein-martin.net,http://www.bell.com/,New Bryan,North,Main
LOC019,935.150.8123,10am - 9pm,10,17172,4243 French Trail,alyssa00@hobbs.com,http://bell-johnston.org/,Cookchester,North,Main
LOC020,001-894-515-8293x5825,10am - 5pm,10,37914,386 Acevedo Corners Suite 918,robertsonbrian@guerra-diaz.biz,http://ramos-stanley.com/,East Jessicaburgh,South,Branch
LOC021,001-434-713-3177x68262,8am - 6pm,12,64415,660 Catherine Freeway,codytorres@hudson.com,http://kaiser.com/,Davidtown,South,Main
LOC022,+1-918-970-2937x507,10am - 8pm,10,56742,82260 Andre Expressway,gregory60@pittman-swanson.com,http://walker.com/,West Josephtown,West,Main
LOC023,140.092.3437x47167,10am - 6pm,9,67385,3895 Ivan Station,josetaylor@aguirre.com,http://www.moore.com/,Port Kathy,East,Outlet
LOC024,001-827-774-9490x43018,8am - 7pm,10,20198,37516 Mckenzie Burg Apt. 341,gregorywebb@lopez.com,http://torres.info/,East Andrew,East,Outlet
LOC025,(944)050-4821,8am - 8pm,10,91442,50367 Hurst Trafficway,gonzalesalbert@blevins.com,http://ware.net/,Evansview,North,Outlet
LOC026,(166)682-2561,9am - 5pm,9,11262,6452 Davis Wall,omontgomery@anderson.biz,http://www.pierce-holland.biz/,Martinland,East,Main
LOC027,001-155-941-2751x140,9am - 6pm,10,56685,0906 Jackson Orchard,xramirez@ramsey.biz,http://www.lucas.com/,Port Cindy,West,Outlet
LOC028,136-880-3219x0406,9am - 7pm,12,45238,65398 Miller Land Suite 760,fflynn@hampton.org,http://www.norris-harris.com/,North Tara,East,Branch
LOC029,+1-997-418-0641x30927,10am - 6pm,10,88112,870 Meghan Spring,charleneescobar@williams.info,https://woodard.biz/,Hessfort,North,Main
LOC030,607.119.3742x6400,10am - 5pm,12,88394,707 Courtney Island,yconner@wilcox-williams.info,https://johnson.com/,Tammymouth,East,Branch
LOC031,+1-057-018-4572x9346,10am - 7pm,8,52137,4406 Ramirez Common Suite 260,tylermolina@cooper.com,https://www.steele-smith.org/,West Robertville,North,Branch
LOC032,882-387-9714,8am - 5pm,11,09660,8506 Steven Trafficway,justinhicks@jackson.com,https://www.powell.com/,Dawnview,East,Branch
LOC033,+1-516-871-7555x86528,8am - 9pm,12,31661,68544 Rogers Mountain,christina62@harris.info,https://jacobs-hopkins.com/,Sharonport,East,Main
LOC034,(998)085-9370x8480,8am - 8pm,9,54406,2027 Samantha Port Apt. 491,vincent95@drake-phelps.biz,https://www.jackson-taylor.com/,Davidtown,West,Main
LOC035,(371)199-4930,10am - 7pm,10,46318,274 John Mount Apt. 068,markmorris@larson-strong.com,http://williams-robinson.com/,Joelview,South,Main
LOC036,+1-504-627-5665x0206,9am - 8pm,12,91059,5922 Debra Corners,rriddle@harris.com,http://guzman.info/,Matthewmouth,West,Main
LOC037,604.221.9991,9am - 8pm,10,21277,8321 Williams Extensions,stephaniekim@olson.com,https://www.russell.com/,New Jacob,West,Main
LOC038,001-117-981-7635,9am - 7pm,8,71490,6996 Bauer Grove Apt. 089,allisondawson@zhang.com,https://www.mcdonald.biz/,South Veronica,North,Main
LOC039,001-389-469-2162x86450,8am - 7pm,12,89685,008 Donna Spur Apt. 496,petersoto@anderson-martin.biz,http://west-moore.com/,Port Michelehaven,North,Outlet
LOC040,(240)976-8451x6261,10am - 7pm,8,76443,931 Clarke Ridges,melaniejohnson@meyer.com,http://reeves-lewis.info/,Allisonfort,West,Outlet
LOC041,224.567.8498x70316,8am - 8pm,10,62441,431 Vincent Common Apt. 146,ecarter@montgomery.com,http://www.cortez-jones.com/,Lake Steveshire,North,Outlet
LOC042,315-167-0084x996,10am - 5pm,9,84546,25382 Roberto Path Suite 852,lowetimothy@brown.biz,http://www.dodson.info/,Stephenfurt,North,Main
LOC043,(494)439-2744,10am - 8pm,11,33976,96945 Dylan Valleys Apt. 598,richardsmith@thompson.com,https://www.jones-vasquez.com/,New Thomasfort,South,Main
LOC044,603-685-5726,10am - 8pm,10,02043,280 Kirk Key,danny94@williams.info,https://rasmussen.com/,Davidberg,South,Main
LOC045,+1-426-595-2441x366,8am - 5pm,9,14376,449 Aaron Way Suite 600,troyyoung@johnson.com,http://welch.net/,West Justin,South,Outlet
LOC046,001-407-402-4516x71988,10am - 5pm,9,71244,47648 Allen Loop,gregory76@ellis.net,http://griffin.com/,Erinside,North,Branch
LOC047,001-993-588-0501x0979,9am - 6pm,12,97896,400 Hill Rest Apt. 056,lbutler@callahan.biz,https://bray.com/,South Jerry,East,Main
LOC048,+1-475-315-0613x8336,10am - 7pm,12,18211,07313 Bryan Village Suite 368,xcuevas@kaufman.com,https://werner-hernandez.org/,Jasonburgh,West,Outlet
LOC049,001-687-279-6722x6227,10am - 8pm,10,17934,941 Choi Inlet,aaron51@taylor.net,http://ramirez.com/,North David,South,Main
LOC050,0963139036,8am - 9pm,8,75356,8644 Gonzales Ford,carellano@pratt-hicks.com,https://jackson.com/,Jonathanstad,East,Main
